ip,准确类型,位置范围,点击时间,精度(m)
101.32.177.151,相对准确精度,,"November 4, 2021 10:12 PM",0
82.102.26.94,相对准确精度,,"November 4, 2021 10:10 PM",0
203.69.151.35,相对准确精度,,"November 4, 2021 10:10 PM",0
183.251.18.112,相对准确精度,福建省厦门市翔安区新店街道厦门海洋职业技术学校厦门海洋职业技术学院,"November 4, 2021 10:05 PM",0
223.215.125.20,相对准确精度,安徽省宣城市宣州区飞彩街道林海路力达紫御府,"November 4, 2021 10:04 PM",0
223.90.251.155,相对准确精度,,"November 4, 2021 10:04 PM",0
5.253.207.52,相对准确精度,,"November 4, 2021 10:02 PM",0
103.97.201.188,相对准确精度,,"November 4, 2021 10:00 PM",0
58.246.103.94,相对准确精度,,"November 4, 2021 9:58 PM",0
65.49.204.127,相对准确精度,,"November 4, 2021 9:58 PM",0
65.49.204.127,相对准确精度,,"November 4, 2021 9:57 PM",0
172.99.190.139,相对准确精度,,"November 4, 2021 9:49 PM",0
16.163.52.125,相对准确精度,,"November 4, 2021 9:47 PM",0
115.49.47.252,相对准确精度,,"November 4, 2021 9:45 PM",0
43.135.100.208,相对准确精度,,"November 4, 2021 9:45 PM",0
1.171.89.231,相对准确精度,,"November 4, 2021 9:45 PM",0
65.49.204.127,相对准确精度,,"November 4, 2021 9:43 PM",0
115.49.47.252,相对准确精度,,"November 4, 2021 9:42 PM",0
210.30.193.241,相对准确精度,辽宁省沈阳市和平区南湖街道东北大学,"November 4, 2021 9:42 PM",0
183.147.178.118,相对准确精度,,"November 4, 2021 9:41 PM",0
183.147.178.118,相对准确精度,,"November 4, 2021 9:41 PM",0
183.147.178.118,相对准确精度,,"November 4, 2021 9:41 PM",0
183.147.178.118,相对准确精度,,"November 4, 2021 9:41 PM",0
183.147.178.118,相对准确精度,,"November 4, 2021 9:41 PM",0
210.30.193.241,相对准确精度,辽宁省沈阳市和平区南湖街道东北大学,"November 4, 2021 9:41 PM",0
183.147.178.118,相对准确精度,,"November 4, 2021 9:40 PM",0
13.72.195.130,相对准确精度,,"November 4, 2021 9:38 PM",0
172.99.190.139,相对准确精度,,"November 4, 2021 9:37 PM",0
106.47.147.253,相对准确精度,天津市红桥区丁字沽街道河北工业大学南院四宿舍,"November 4, 2021 9:36 PM",0
106.47.147.253,相对准确精度,天津市红桥区丁字沽街道河北工业大学南院四宿舍,"November 4, 2021 9:36 PM",0
183.229.27.229,相对准确精度,,"November 4, 2021 9:36 PM",0
183.229.27.229,相对准确精度,,"November 4, 2021 9:36 PM",0
182.239.102.189,相对准确精度,,"November 4, 2021 9:36 PM",0
111.248.165.100,相对准确精度,,"November 4, 2021 9:36 PM",0
183.3.186.139,相对准确精度,,"November 4, 2021 9:34 PM",0
183.3.186.139,相对准确精度,,"November 4, 2021 9:32 PM",0
111.255.118.182,相对准确精度,,"November 4, 2021 9:31 PM",0
218.20.4.150,相对准确精度,广东省广州市白云区黄石街道黄石东路白云高尔夫花园,"November 4, 2021 9:31 PM",0
183.3.186.139,相对准确精度,,"November 4, 2021 9:31 PM",0
183.3.186.139,相对准确精度,,"November 4, 2021 9:30 PM",0
111.202.167.33,相对准确精度,,"November 4, 2021 9:30 PM",0
111.202.167.33,相对准确精度,,"November 4, 2021 9:29 PM",0
111.202.167.33,相对准确精度,,"November 4, 2021 9:29 PM",0
183.134.206.20,相对准确精度,,"November 4, 2021 9:26 PM",0
161.81.212.170,相对准确精度,,"November 4, 2021 9:25 PM",0
161.81.212.170,相对准确精度,,"November 4, 2021 9:25 PM",0
183.134.206.20,相对准确精度,,"November 4, 2021 9:25 PM",0
65.49.38.142,相对准确精度,,"November 4, 2021 9:24 PM",0
183.134.206.20,相对准确精度,,"November 4, 2021 9:24 PM",0
112.234.179.90,相对准确精度,,"November 4, 2021 9:22 PM",0
161.81.212.170,相对准确精度,,"November 4, 2021 9:22 PM",0
161.81.212.170,相对准确精度,,"November 4, 2021 9:21 PM",0
221.8.169.202,相对准确精度,吉林省吉林市丰满区高新街道金宇宾馆紫金江尚,"November 4, 2021 9:20 PM",0
161.81.212.170,相对准确精度,,"November 4, 2021 9:20 PM",0
161.81.212.170,相对准确精度,,"November 4, 2021 9:20 PM",0
123.159.249.135,相对准确精度,,"November 4, 2021 9:14 PM",0
111.248.165.100,相对准确精度,,"November 4, 2021 9:13 PM",0
111.248.165.100,相对准确精度,,"November 4, 2021 9:13 PM",0
123.159.249.135,相对准确精度,,"November 4, 2021 9:12 PM",0
203.69.151.35,相对准确精度,,"November 4, 2021 9:05 PM",0
113.64.13.237,相对准确精度,,"November 4, 2021 9:05 PM",0
203.184.132.177,相对准确精度,,"November 4, 2021 9:02 PM",0
111.202.167.33,相对准确精度,,"November 4, 2021 8:59 PM",0
117.8.192.107,相对准确精度,天津市河东区鲁山道街道松鹤里太阳城·皓林园,"November 4, 2021 8:40 PM",0
59.42.185.162,相对准确精度,,"November 4, 2021 8:31 PM",0
59.42.185.162,相对准确精度,,"November 4, 2021 8:30 PM",0
59.42.185.162,相对准确精度,,"November 4, 2021 8:26 PM",0
223.65.232.185,相对准确精度,,"November 4, 2021 8:12 PM",0
219.142.144.94,相对准确精度,,"November 4, 2021 7:53 PM",0
219.142.144.94,相对准确精度,,"November 4, 2021 7:51 PM",0
113.117.196.5,相对准确精度,广东省中山市古镇镇盛丰街时尚一线商业广场,"November 4, 2021 7:46 PM",0
171.113.176.14,相对准确精度,,"November 4, 2021 7:38 PM",0
136.175.176.248,相对准确精度,,"November 4, 2021 7:33 PM",0
136.175.176.248,相对准确精度,,"November 4, 2021 7:33 PM",0
89.39.104.238,相对准确精度,,"November 4, 2021 7:27 PM",0
104.249.174.107,相对准确精度,,"November 4, 2021 7:15 PM",0
104.249.174.107,相对准确精度,,"November 4, 2021 7:15 PM",0
104.249.174.107,相对准确精度,,"November 4, 2021 7:15 PM",0
104.249.174.107,相对准确精度,,"November 4, 2021 7:15 PM",0
104.249.174.107,相对准确精度,,"November 4, 2021 7:14 PM",0